,City,Lat,Lng,Temperature,Humidity,Cloudiness,Wind Speed,Country,Date
0,Fortaleza,-3.7227,-38.5247,80.73,78,75,13.8,BR,1658702145
1,Kavaratti,10.5669,72.642,81.16,75,100,14.29,IN,1658702396
2,Airai,-8.9266,125.4092,57.13,55,56,2.46,TL,1658702241
3,East London,-33.0153,27.9116,59.13,62,74,7.67,ZA,1658702244
4,Saint-Philippe,-21.3585,55.7679,65.21,80,44,9.22,RE,1658702242
5,Vostok,46.4856,135.8833,66.36,85,100,0.72,RU,1658702263
6,Rocha,-34.4833,-54.3333,56.12,99,73,4.38,UY,1658702372
7,Sorong,-0.8833,131.25,78.6,87,57,4.83,ID,1658702396
8,Esim,4.8699,-2.2405,73.6,85,20,7.11,GH,1658702318
9,Ushuaia,-54.8,-68.3,35.26,64,75,8.05,AR,1658702318
10,Longyearbyen,78.2186,15.6401,48.04,81,75,10.36,SJ,1658702223
11,Sioux Lookout,50.1001,-91.917,57.27,82,100,11.5,CA,1658702362
12,Smidovich,48.6,133.8167,69.75,83,0,7.14,RU,1658702397
13,Mataura,-46.1927,168.8643,37.47,82,21,2.68,NZ,1658702315
14,Del Rio,29.3627,-100.8968,102.31,24,0,16.11,US,1658702125
15,Grindavik,63.8424,-22.4338,51.75,87,100,8.05,IS,1658702274
16,New Norfolk,-42.7826,147.0587,43.72,91,81,2.04,AU,1658702239
17,Lagoa,39.05,-27.9833,73.33,90,0,10.33,PT,1658702241
18,Busselton,-33.65,115.3333,57.45,68,80,14.97,AU,1658702313
19,Kuznechikha,57.2161,42.3348,68.14,68,71,2.13,RU,1658702398
20,Storsteinnes,69.2408,19.2344,49.37,84,67,4.32,NO,1658702398
21,Dicabisagan,17.0818,122.4157,82.4,81,93,0.16,PH,1658702398
22,Hilo,19.7297,-155.09,88.29,71,75,11.5,US,1658702234
23,Hobart,-42.8794,147.3294,44.06,97,40,4.61,AU,1658702089
24,Half Moon Bay,37.4636,-122.4286,89.58,66,75,14.97,US,1658702275
25,Leningradskiy,69.3833,178.4167,34.93,97,100,3.56,RU,1658702289
26,Cape Town,-33.9258,18.4232,58.37,75,0,7.0,ZA,1658702102
27,Provideniya,64.3833,-173.3,48.36,81,75,7.0,RU,1658702265
28,Gorontalo,0.5412,123.0595,77.63,85,93,5.48,ID,1658702290
29,Albany,42.6001,-73.9662,93.16,55,66,9.57,US,1658702118
30,Wajima,37.4,136.9,76.64,83,67,5.48,JP,1658702399
31,Khatanga,71.9667,102.5,62.42,80,98,9.66,RU,1658702234
32,Hong Kong,22.2855,114.1577,86.97,80,7,4.0,HK,1658702254
33,Praia,14.9215,-23.5087,79.34,83,40,6.91,CV,1658702346
34,Ostrovnoy,68.0531,39.5131,50.07,91,97,12.26,RU,1658702253
35,Rome,43.2128,-75.4557,80.08,88,100,1.99,US,1658702318
36,Vaini,-21.2,-175.2,75.36,73,40,8.05,TO,1658702263
37,Atuona,-9.8,-139.0333,76.66,66,52,16.28,PF,1658702232
38,Bambous Virieux,-20.3428,57.7575,62.85,88,75,3.44,MU,1658702252
39,Eldorado,-23.7869,-54.2836,72.09,49,98,5.32,BR,1658702400
40,Torbay,47.6666,-52.7314,79.57,67,40,11.5,CA,1658702239
41,Izumo,35.3667,132.7667,78.75,78,75,8.05,JP,1658702256
42,Bathsheba,13.2167,-59.5167,83.01,91,40,12.66,BB,1658702229
43,Naushki,50.3828,106.1056,58.59,90,100,3.2,RU,1658702401
44,Bandar-e Anzali,37.4727,49.4622,71.71,75,90,5.26,IR,1658702401
45,Kruisfontein,-34.0033,24.7314,51.89,83,52,4.03,ZA,1658702270
46,Vestmannaeyjar,63.4427,-20.2734,52.2,87,97,13.91,IS,1658702087
47,Hasaki,35.7333,140.8333,82.8,83,80,13.44,JP,1658702368
48,Tiznit Province,29.5833,-9.5,88.25,25,43,3.53,MA,1658702402
49,Yellowknife,62.456,-114.3525,61.32,82,100,11.5,CA,1658702265
50,Klaksvík,62.2266,-6.589,50.92,95,100,23.55,FO,1658702254
51,Biri,12.6833,124.3636,82.78,77,70,5.66,PH,1658702402
52,Baie-Comeau,49.2168,-68.1489,69.48,78,75,2.3,CA,1658702403
53,Rikitea,-23.1203,-134.9692,75.52,80,73,15.73,PF,1658702314
54,Vardø,70.3705,31.1107,48.18,87,100,0.0,NO,1658702237
55,Kamenka,51.3223,42.7678,62.08,87,49,5.39,RU,1658702339
56,Narsaq,60.9167,-46.05,59.22,65,85,5.14,GL,1658702246
57,Ondjiva,-17.0667,15.7333,61.03,36,0,4.7,AO,1658702404
58,Seoul,37.5683,126.9778,76.44,91,20,4.61,KR,1658702343
59,Chokurdakh,70.6333,147.9167,66.04,39,90,10.65,RU,1658702249
60,Ouégoa,-20.35,164.4333,75.38,62,0,4.9,NC,1658702404
61,Punta Arenas,-53.15,-70.9167,37.51,75,20,12.66,CL,1658702224
62,Saint Paul Harbor,57.79,-152.4072,54.91,88,100,13.8,US,1658702227
63,Bethel,41.3712,-73.414,93.36,53,0,11.5,US,1658702117
64,Hazorasp,41.3194,61.0742,84.04,27,75,13.53,UZ,1658702405
65,Cabo San Lucas,22.8909,-109.9124,91.62,67,20,4.61,MX,1658702236
66,Ahipara,-35.1667,173.1667,62.24,96,100,19.44,NZ,1658702405
67,Baturaja,-4.1333,104.1667,71.98,99,100,1.95,ID,1658702405
68,Omboué,-1.5746,9.2618,71.92,82,94,4.83,GA,1658702390
69,Kapaa,22.0752,-159.319,84.52,67,20,14.97,US,1658702250
70,Sitka,57.0531,-135.33,57.09,94,100,12.66,US,1658702243
71,Butaritari,3.0707,172.7902,82.4,73,2,18.86,KI,1658702316
72,Chui,-33.6971,-53.4616,57.29,99,57,5.19,UY,1658701987
73,Dunedin,-45.8742,170.5036,48.79,91,100,3.0,NZ,1658702257
74,Hermanus,-34.4187,19.2345,50.81,86,0,10.74,ZA,1658702243
75,Yangi Marg`ilon,40.4272,71.7189,83.12,21,0,6.91,UZ,1658702289
76,Ossora,59.2353,163.0719,57.87,64,32,6.04,RU,1658702406
77,Gondanglegi,-7.7479,112.0132,69.75,79,55,13.44,ID,1658702407
78,Carmarthen,51.8555,-4.3054,64.33,88,75,27.63,GB,1658702407
79,Qaanaaq,77.484,-69.3632,40.23,92,100,0.27,GL,1658702241
80,Lebu,-37.6167,-73.65,51.84,95,100,9.55,CL,1658702341
81,Lorengau,-2.0226,147.2712,84.31,72,74,9.24,PG,1658702283
82,Puerto Ayora,-0.7393,-90.3518,78.76,90,79,5.99,EC,1658702253
83,Mayo,38.8876,-76.5119,96.12,74,0,10.36,US,1658702259
84,Lazo,43.3817,133.9014,69.46,79,80,2.15,RU,1658702408
85,Opotiki,-38.0833,177.2833,54.23,74,100,6.35,NZ,1658702408
86,Inuvik,68.3499,-133.7218,54.61,76,100,4.61,CA,1658702408
87,Saint George,37.1041,-113.5841,98.64,29,75,18.41,US,1658702260
88,Teya,60.3778,92.6267,56.01,94,92,2.68,RU,1658702409
89,Lüderitz,-26.6481,15.1594,66.65,48,1,6.87,NA,1658702232
90,Ulaangom,49.9811,92.0667,59.88,55,20,4.83,MN,1658702409
91,Touros,-5.1989,-35.4608,75.43,76,81,17.85,BR,1658702351
92,Nikolskoye,59.7035,30.7861,62.49,98,78,3.91,RU,1658702091
93,Elko,41.0002,-115.5012,94.64,7,2,10.0,US,1658702211
94,Thompson,55.7435,-97.8558,71.76,37,75,6.91,CA,1658702240
95,Tuktoyaktuk,69.4541,-133.0374,48.2,87,75,6.91,CA,1658702229
96,Port Alfred,-33.5906,26.891,58.93,60,94,6.55,ZA,1658702317
97,Point Fortin,10.1833,-61.6833,81.9,74,46,11.45,TT,1658702410
98,Konya Province,38.1667,32.5,63.88,46,0,3.0,TR,1658702410
99,Acapulco de Juárez,16.8634,-99.8901,87.62,70,75,8.05,MX,1658702242
100,Kachīry,53.0675,76.1036,57.99,63,78,0.36,KZ,1658702411
101,Hailar,49.2,119.7,66.31,74,98,13.02,CN,1658702411
102,Oranjemund,-28.55,16.4333,62.82,33,0,8.93,NA,1658702411
103,Tarko-Sale,64.9225,77.785,50.88,86,100,16.89,RU,1658702412
104,Evensk,61.95,159.2333,60.53,53,76,4.12,RU,1658702226
105,Faanui,-16.4833,-151.75,77.72,78,3,12.12,PF,1658702243
106,Bell Ville,-32.6259,-62.6887,64.67,73,64,7.65,AR,1658702412
107,Mahébourg,-20.4081,57.7,62.89,88,75,3.44,MU,1658702255
108,Sinnamary,5.3833,-52.95,77.59,88,99,8.12,GF,1658702413
109,Bolobo,-2.1667,16.2333,73.8,78,55,0.89,CD,1658702413
110,Jumla,29.2747,82.1838,61.79,96,93,1.86,NP,1658702344
111,Fortuna,40.5982,-124.1573,62.98,70,18,8.14,US,1658702267
112,‘Āhuimanu,21.4447,-157.8378,85.71,62,75,17.27,US,1658702413
113,Muravlenko,63.7898,74.523,47.35,86,1,12.28,RU,1658702310
114,Jamestown,42.097,-79.2353,80.19,80,86,15.01,US,1658701952
115,Mount Gambier,-37.8333,140.7667,53.51,94,75,14.97,AU,1658702256
116,Petropavlovsk-Kamchatskiy,53.0452,158.6483,52.39,100,100,6.71,RU,1658702255
117,Obo,5.3998,26.4869,68.05,96,94,1.43,CF,1658702393
118,Bengkulu,-3.8004,102.2655,75.09,90,100,4.61,ID,1658702250
119,Virginia Beach,36.8529,-75.978,93.25,59,75,14.97,US,1658702058
120,Great Falls,47.5002,-111.3008,78.67,42,40,11.5,US,1658702158
121,Tiksi,71.6872,128.8694,48.34,74,2,2.26,RU,1658702250
122,Ocós,14.5094,-92.1933,73.58,72,70,3.89,GT,1658702414
123,Broome,42.2506,-75.833,78.6,74,75,13.8,US,1658702337
124,Shitanjing,39.2342,106.3439,73.98,33,58,1.9,CN,1658702415
125,Iwaki,37.05,140.8833,79.77,88,78,2.64,JP,1658702415
126,Kununurra,-15.7667,128.7333,46.38,93,16,0.0,AU,1658702416
127,College,64.8569,-147.8028,71.22,40,75,4.61,US,1658702257
128,Bluff,-46.6,168.3333,37.8,80,72,9.22,NZ,1658702317
129,Jalpan,21.2333,-99.4833,83.84,49,91,6.44,MX,1658702416
130,Severnyy,50.677,36.5532,66.24,77,0,4.47,RU,1658702416
131,Kavieng,-2.5744,150.7967,84.4,72,37,12.97,PG,1658702252
132,La Cruz,23.9167,-106.9,85.35,66,42,8.81,MX,1658702417
133,Oktyabr'skiy,54.4815,53.471,63.3,84,15,2.24,RU,1658702417
134,General Roca,-39.0333,-67.5833,47.62,76,100,13.38,AR,1658702411
135,Geraldton,-28.7667,114.6,45.01,87,4,13.8,AU,1658702386
136,Puerto Escondido,15.85,-97.0667,76.03,73,100,9.22,MX,1658702353
137,Tabou,4.423,-7.3528,75.13,77,100,5.86,CI,1658702414
138,Carnarvon,-24.8667,113.6333,55.89,53,0,15.75,AU,1658702248
139,Ozernovskiy,51.5,156.5167,57.18,80,100,5.48,RU,1658702418
140,Artvin Province,41.1667,41.8333,54.32,89,10,1.43,TR,1658702418
141,Evanston,42.0411,-87.6901,87.12,59,75,13.8,US,1658702196
142,Olafsvik,64.8945,-23.7142,52.77,80,98,5.79,IS,1658702353
143,Ballina,-28.8667,153.5667,59.02,85,26,7.61,AU,1658702419
144,Katsuura,35.1333,140.3,80.82,84,93,10.67,JP,1658702231
145,Guerrero Negro,27.9769,-114.0611,77.86,58,35,15.03,MX,1658702202
146,Padang,-0.9492,100.3543,76.64,90,100,4.05,ID,1658702320
147,Winslow,35.0242,-110.6974,84.38,34,0,29.93,US,1658702419
148,Nový Hrozenkov,49.337,18.1979,63.18,59,18,2.64,CZ,1658702419
149,Knokke-Heist,51.3333,3.3333,70.16,64,58,5.75,BE,1658702420
150,Bonavista,48.6499,-53.1147,64.11,92,86,10.71,CA,1658702420
151,Tasiilaq,65.6145,-37.6368,46.56,81,28,4.85,GL,1658702240
152,Ribeira Grande,38.5167,-28.7,74.71,89,13,5.86,PT,1658702233
153,Sola,-13.8833,167.55,79.47,89,20,0.0,VU,1658702296
154,Romanovo,52.6182,81.2271,54.12,75,86,6.73,RU,1658702420
155,Hithadhoo,-0.6,73.0833,81.82,73,100,6.67,MV,1658702333
156,Pamplona,42.8169,-1.6432,71.51,73,0,16.11,ES,1658702413
157,Östersund,63.1792,14.6357,59.45,88,75,5.75,SE,1658702421
158,Itarema,-2.9248,-39.9167,79.5,78,72,15.88,BR,1658702421
159,Yumen,40.2833,97.2,73.35,34,24,8.5,CN,1658702316
160,Kaitangata,-46.2817,169.8464,42.31,91,88,5.5,NZ,1658702267
161,Ustyuzhna,58.8394,36.4321,62.47,98,100,4.63,RU,1658702422
162,Oytal,42.9057,73.2697,75.49,34,1,2.64,KZ,1658702422
163,Bassila,9.0081,1.6654,68.45,96,73,1.57,BJ,1658702422
164,Aklavik,68.2191,-135.0107,60.51,52,12,4.47,CA,1658702235
165,Aykhal,66.0,111.5,64.94,90,100,9.82,RU,1658702259
166,Esperance,-33.8667,121.9,47.88,71,47,12.39,AU,1658702250
167,Anadyr,64.75,177.4833,54.1,54,0,6.71,RU,1658702423
168,Oxapampa,-10.5775,-75.4017,60.39,96,84,0.65,PE,1658702423
169,Laguna,38.421,-121.4238,104.76,27,0,5.75,US,1658702119
170,Boende,-0.2167,20.8667,76.8,76,98,1.39,CD,1658702424
171,Los Alamos,35.8881,-106.307,87.3,33,0,10.0,US,1658702424
172,Nador,35.174,-2.9287,79.05,89,0,2.3,MA,1658702424
173,Nishihara,26.1842,127.7558,83.48,89,75,3.44,JP,1658702384
174,Lubango,-14.9172,13.4925,59.05,40,3,3.6,AO,1658702321
175,Riachão,-7.3619,-46.6172,79.27,35,97,3.67,BR,1658702425
176,La Bélgica,-17.55,-63.2167,85.08,61,20,8.05,BO,1658702425
177,Emerald,-23.5333,148.1667,55.35,92,0,7.81,AU,1658702400
178,Pevek,69.7008,170.3133,35.28,90,42,3.11,RU,1658702243
179,Rio Grande,-32.035,-52.0986,62.71,99,99,3.47,BR,1658702425
180,Nenzing,47.1386,9.6744,68.14,89,1,5.64,AT,1658702426
181,Gaozhou,21.9392,110.8461,80.46,85,3,0.98,CN,1658702426
182,Arrondissement de Dieppe,49.75,1.1667,71.78,84,54,5.7,FR,1658702426
183,Bredasdorp,-34.5322,20.0403,47.98,88,0,6.15,ZA,1658702278
184,Chicama,-7.8447,-79.1469,59.54,75,23,7.34,PE,1658702427
185,Tuatapere,-46.1333,167.6833,44.4,86,94,3.4,NZ,1658702352
186,Tselinnoye,53.0833,85.6667,49.33,94,48,6.82,RU,1658702427
187,Pedernales,18.0384,-71.744,84.09,69,5,9.51,DO,1658702427
188,Port Elizabeth,-33.918,25.5701,54.1,93,75,3.44,ZA,1658702239
189,Maceió,-9.6658,-35.7353,76.44,69,40,3.44,BR,1658702287
190,Adrar,20.5022,-10.0711,97.72,6,4,9.15,MR,1658702258
191,Yanta,36.2411,115.6672,75.43,85,21,10.31,CN,1658702428
192,Buraidah,26.326,43.975,95.45,15,72,10.98,SA,1658702428
193,Yulara,-25.2406,130.9889,51.26,67,0,14.27,AU,1658702325
194,Port Hardy,50.6996,-127.4199,62.78,82,40,5.75,CA,1658702341
195,Churapcha,62.0025,132.4325,72.95,55,0,4.38,RU,1658702429
196,Berlevåg,70.8578,29.0864,49.95,87,100,12.66,NO,1658702429
197,Zhigansk,66.7697,123.3711,61.59,71,12,9.6,RU,1658702258
198,Lichuan,30.3,108.85,66.81,96,45,2.3,CN,1658702283
199,Amuntai,-2.4177,115.2494,72.25,90,7,0.94,ID,1658702430
200,Weihai,37.5017,122.1136,76.87,80,0,6.87,CN,1658702430
201,Mar del Plata,-38.0023,-57.5575,52.09,98,100,8.05,AR,1658702159
202,Bom Jardim,-7.7958,-35.5872,64.83,85,93,6.98,BR,1658702430
203,Labuhan,-6.8844,112.2051,71.87,81,79,7.58,ID,1658702295
204,Taoudenni,22.6783,-3.9836,94.75,28,52,12.48,ML,1658702431
205,Karpathos,35.507,27.2132,75.16,78,0,20.71,GR,1658702191
206,Suez,29.9737,32.5263,75.58,70,0,8.48,EG,1658702344
207,Vila,42.0304,-8.1588,57.7,82,14,0.69,PT,1658702431
208,Mentakab,3.4865,102.3516,73.0,99,99,0.25,MY,1658702431
209,Jalu,29.0331,21.5482,80.17,58,0,13.09,LY,1658702255
210,Kiryat Gat,31.61,34.7642,79.48,100,0,1.86,IL,1658702404
211,Kahului,20.8947,-156.47,87.82,55,20,18.41,US,1658702225
212,Guarapari,-20.6667,-40.4975,71.89,85,5,7.4,BR,1658702432
213,Castro,-24.7911,-50.0119,60.04,72,99,2.8,BR,1658702261
214,Caçu,-18.5567,-51.1308,74.03,35,9,5.7,BR,1658702432
215,Atbasar,51.8,68.3333,64.67,60,35,3.58,KZ,1658702348
216,Codrington,-38.2667,141.9667,53.62,89,100,16.91,AU,1658702328
217,Straumen,63.8709,11.2999,64.4,94,98,0.83,NO,1658702433
218,Batagay-Alyta,67.8006,130.4114,62.58,66,74,3.47,RU,1658702349
219,Cascais,38.6979,-9.4215,71.46,68,48,17.0,PT,1658702433
220,Cartagena,10.3997,-75.5144,78.42,89,75,4.61,CO,1658702434
221,Fier,40.7239,19.5561,73.83,63,2,2.95,AL,1658702434
222,Cherskiy,68.75,161.3,59.77,41,94,9.42,RU,1658702245
223,Lata,40.1629,-8.3327,58.37,91,20,1.9,PT,1658702278
224,Raposa,-6.5167,-44.1833,78.3,37,96,6.89,BR,1658702434
225,Sahuaripa,29.05,-109.2333,91.42,50,93,5.57,MX,1658702435
226,Whitley Bay,55.0397,-1.4471,64.92,77,20,12.66,GB,1658702435
227,Pisco,-13.7,-76.2167,64.45,77,0,13.8,PE,1658702361
228,Pemba,-12.974,40.5178,74.1,83,20,6.91,MZ,1658702435
229,Salalah,17.0151,54.0924,77.09,88,75,6.91,OM,1658702246
230,Xiongzhou,25.1167,114.3,82.02,76,68,1.92,CN,1658702436
231,Zhezkazgan,47.8043,67.7144,72.14,30,28,11.25,KZ,1658702436
232,Manicoré,-5.8092,-61.3003,87.75,58,0,2.3,BR,1658702436
233,Moose Factory,51.2585,-80.6094,66.2,72,75,6.91,CA,1658702437
234,Cayenne,4.9333,-52.3333,83.08,1,0,5.75,GF,1658702266
235,Ust-Nera,64.5667,143.2,67.32,50,2,2.8,RU,1658702392
236,Gigmoto,13.7796,124.39,82.58,81,74,3.06,PH,1658702437
237,Narasannapeta,18.4167,84.05,79.25,85,100,4.45,IN,1658702437
238,Nome,64.5011,-165.4064,52.16,81,75,5.75,US,1658702281
239,Samarai,-10.6167,150.6667,79.75,81,83,14.29,PG,1658702395
240,Capelinha,-17.6914,-42.5158,55.49,80,44,3.33,BR,1658702438
241,Paraná,-31.732,-60.5238,74.55,78,24,7.72,AR,1658702438
242,Stoholm,56.4845,9.1462,63.16,90,98,8.48,DK,1658702438
243,Pozo Colorado,-23.4923,-58.7972,81.55,31,100,5.59,PY,1658702439
244,Enfield,-34.8526,138.6026,56.62,85,75,16.11,AU,1658702439
245,Krasnyy Yar,46.5331,48.3456,64.33,61,86,7.58,RU,1658702439
246,Mount Darwin,-16.7725,31.5838,57.81,54,54,2.77,ZW,1658702440
247,Saint-Augustin,51.226,-58.6502,69.96,70,90,7.0,CA,1658702234
248,Walvis Bay,-22.9575,14.5053,54.09,93,52,8.05,NA,1658702440
249,Saskylakh,71.9167,114.0833,67.71,63,55,10.67,RU,1658702294
250,George Town,5.4112,100.3354,78.73,94,40,3.44,MY,1658702252
251,Coaraci,-14.6408,-39.5511,62.2,93,49,2.33,BR,1658702440
252,Baft,29.234,56.6057,72.75,40,85,4.97,IR,1658702441
253,Mnogovershinnyy,53.9353,139.9242,72.43,62,84,2.66,RU,1658702441
254,Melilla,35.2937,-2.9383,79.18,89,0,2.3,ES,1658702441
255,Port Macquarie,-31.4333,152.9167,52.9,77,4,4.47,AU,1658702296
256,Algiers,36.7525,3.042,75.02,88,20,3.44,DZ,1658702442
257,Biak,-0.9131,122.8766,75.25,83,89,6.02,ID,1658702442
258,Lavaca,28.615,-96.6261,95.32,57,0,14.97,US,1658702442
259,Rawson,-43.3002,-65.1023,42.93,72,100,10.51,AR,1658702260
260,Saldanha,-33.0117,17.9442,50.05,66,0,9.84,ZA,1658702362
261,Abashiri,44.0213,144.2697,63.95,91,100,2.01,JP,1658702371
262,Wukari,7.85,9.7833,74.1,90,100,4.76,NG,1658702443
263,Wamba,8.9333,8.6,72.28,92,87,3.24,NG,1658702443
264,Inhambane,-23.865,35.3833,67.87,82,69,15.73,MZ,1658702321
265,Isangel,-19.55,169.2667,84.31,79,75,2.3,VU,1658702241
266,San Jose,37.3394,-121.895,93.92,43,0,12.66,US,1658702142
267,Marsá Maţrūḩ,31.3525,27.2453,79.0,65,0,11.5,EG,1658702444
268,Lakefield,43.6775,-95.1717,78.84,43,0,9.22,US,1658702444
269,Kaputa,-8.4689,29.6619,68.74,52,9,1.63,ZM,1658702444
270,Severo-Kuril'sk,50.6789,156.125,51.76,98,100,14.5,RU,1658702307
271,Itamarandiba,-17.8572,-42.8589,55.58,77,6,3.6,BR,1658702445
272,Taguatinga,-12.3857,-46.5711,76.48,35,88,4.29,BR,1658702445
273,Zlobin,45.2924,14.6541,70.38,60,0,6.93,HR,1658702445
274,Los Llanos de Aridane,28.6585,-17.9182,73.15,73,0,8.05,ES,1658702247
275,Lahat,-3.8,103.5333,71.46,98,100,1.99,ID,1658702269
276,Mbanza-Ngungu,-5.25,14.8667,71.19,71,67,9.78,CD,1658702446
277,Loveland,40.3978,-105.075,74.21,81,100,13.8,US,1658702164
278,Ancud,-41.8697,-73.8203,47.23,94,94,6.53,CL,1658702255
279,Korla,41.7597,86.1469,85.82,25,98,17.45,CN,1658702446
280,Lavrentiya,65.5833,-171.0,42.96,87,100,9.98,RU,1658702319
281,Avarua,-21.2078,-159.775,73.45,53,20,5.75,CK,1658702238
282,Dingle,10.9995,122.6711,78.94,87,64,1.9,PH,1658702353
283,Lompoc,34.6391,-120.4579,86.02,68,0,16.11,US,1658702283
284,Vallenar,-28.5708,-70.7581,63.01,59,2,3.76,CL,1658702447
285,Mingora,34.7758,72.3625,73.99,91,94,2.91,PK,1658702447
286,Agropoli,40.3469,14.9966,77.09,81,0,2.55,IT,1658702448
287,Meadow Lake,34.8014,-106.5436,92.97,50,90,9.4,US,1658702375
288,Asău,46.4333,26.4,70.95,96,98,3.22,RO,1658702268
289,Fort Nelson,58.8053,-122.7002,72.99,31,75,6.91,CA,1658702270
290,San Clemente,33.427,-117.612,91.85,73,58,5.99,US,1658702448
291,Khanpur,28.6453,70.6567,85.05,76,100,10.65,PK,1658702449
292,Spring Hill,28.4769,-82.5255,91.51,77,0,8.05,US,1658702340
293,Millinocket,45.6573,-68.7098,87.91,55,0,6.91,US,1658702449
294,Bonanza,14.0289,-84.591,80.11,73,100,4.72,NI,1658702449
295,Siloam Springs,36.1881,-94.5405,103.66,34,75,10.36,US,1658701968
296,Upernavik,72.7868,-56.1549,41.61,95,100,6.73,GL,1658702242
297,Souillac,-20.5167,57.5167,62.98,88,75,3.44,MU,1658702250
298,Kalianget,-7.05,113.9333,76.68,71,100,14.29,ID,1658702450
299,Dalvik,65.9702,-18.5286,48.13,89,95,2.19,IS,1658702450
300,Ystad,55.4297,13.8204,61.54,79,100,10.11,SE,1658702450
301,Dikson,73.5069,80.5464,48.0,96,100,15.57,RU,1658702227
302,Hohhot,40.8106,111.6522,61.09,72,0,4.47,CN,1658702451
303,Wenzhou,27.9994,120.6668,83.61,81,12,1.14,CN,1658702451
304,Oddur,4.1213,43.8894,69.28,76,41,19.22,SO,1658702452
305,Vila Franca do Campo,37.7167,-25.4333,77.2,86,76,4.16,PT,1658702394
306,Ayagoz,47.9714,80.4392,57.27,62,0,7.61,KZ,1658702276
307,Shellbrook,53.2168,-106.4011,74.43,47,89,8.28,CA,1658702452
308,Harsīn,34.2721,47.5861,70.61,21,0,0.89,IR,1658702452
309,La Santisima Trinidad,-14.8333,-64.9,89.58,48,20,4.61,BO,1658702453
310,Bac Lieu,9.285,105.7244,78.75,86,93,4.74,VN,1658702387
311,São Filipe,14.8961,-24.4956,78.33,84,95,8.19,CV,1658701993
312,Alofi,-19.0595,-169.9187,75.09,60,93,17.27,NU,1658702363
313,Preobrazheniye,42.9019,133.9064,68.02,84,58,2.46,RU,1658702291
314,Karratha,-20.7377,116.8463,62.71,42,0,18.61,AU,1658702295
315,Sijunjung,-0.6876,100.9537,69.8,98,92,1.21,ID,1658702453
316,Arrondissement de Carpentras,44.0833,5.1667,73.92,56,0,3.09,FR,1658702351
317,Cururupu,-1.8283,-44.8683,75.52,90,91,2.98,BR,1658702408
318,Ilulissat,69.2167,-51.1,39.18,92,100,2.86,GL,1658702286
319,Locri,38.2414,16.2623,82.31,76,0,14.76,IT,1658702454
320,Kupang,-10.1667,123.5833,71.78,69,87,8.57,ID,1658702454
321,Mwense,-10.3845,28.698,65.59,51,32,7.7,ZM,1658702454
322,Macas,-2.3167,-78.1167,78.55,61,40,8.05,EC,1658702455
323,Miyoshi City,35.0833,137.0667,82.85,72,99,0.43,JP,1658702455
324,Jardim,-21.4803,-56.1381,77.56,33,50,3.65,BR,1658702309
325,Champerico,14.3,-91.9167,88.34,78,87,4.97,GT,1658702405
326,Naugachhia,25.4,87.1,77.99,88,88,7.54,IN,1658702456
327,Sabang,5.8933,95.3214,80.6,77,100,6.24,ID,1658702267
328,Buala,-8.145,159.5921,84.72,69,15,8.32,SB,1658702456
329,Altea,38.5989,-0.0514,84.2,89,0,3.0,ES,1658702456
330,Broken Hill,-31.95,141.4333,57.72,49,68,8.59,AU,1658702238
331,Saint Anthony,45.0205,-93.218,80.53,45,0,18.41,US,1658702236
332,Diamantino,-14.4086,-56.4461,79.02,33,0,4.36,BR,1658702348
333,Lagos,6.5833,3.75,75.31,90,100,4.21,NG,1658702457
334,Riyadh,24.6877,46.7219,95.14,16,62,10.11,SA,1658702251
335,Comodoro Rivadavia,-45.8667,-67.5,31.86,86,0,6.91,AR,1658702366
336,Kindu,-2.95,25.95,72.16,86,83,2.71,CD,1658702457
337,Gamba,-2.65,10.0,70.9,88,82,1.88,GA,1658702342
338,Ascension,30.2169,-90.9001,91.4,69,0,3.44,US,1658702458
339,Bolgar,54.95,49.0667,67.5,79,73,4.25,RU,1658702458
340,Margate,51.3813,1.3862,70.7,66,99,1.99,GB,1658702137
341,Sur,22.5667,59.5289,87.53,71,92,6.2,OM,1658702352
342,Kapoeta,4.7717,33.5903,73.45,78,71,1.14,SS,1658702458
343,Ponta do Sol,32.6667,-17.1,84.13,40,0,2.17,PT,1658702260
344,Brae,60.3964,-1.353,52.99,94,100,11.21,GB,1658702364
345,Kaeo,-35.1,173.7833,62.33,97,100,19.48,NZ,1658702295
346,Necochea,-38.5473,-58.7368,47.66,91,100,7.63,AR,1658702403
347,Arraial do Cabo,-22.9661,-42.0278,71.46,88,0,13.8,BR,1658702245
348,San Patricio,28.017,-97.5169,97.16,49,0,18.28,US,1658702333
349,Mitsamiouli,-11.3847,43.2844,75.36,68,4,4.38,KM,1658702459
350,Palimbang,6.2106,124.1894,80.65,78,99,5.03,PH,1658702459
351,Alekseyevka,50.6309,38.6903,65.21,79,34,5.44,RU,1658702460
352,Turbat,26.0023,63.044,82.99,77,100,4.43,PK,1658702460
353,Bull Savanna,17.8868,-77.5902,80.49,74,100,6.35,JM,1658702460
354,Makakilo City,21.3469,-158.0858,84.52,55,100,17.27,US,1658702371
355,Artigas,-30.4,-56.4667,66.49,82,84,8.25,UY,1658702307
356,Gilgit,35.9221,74.3087,83.19,60,90,2.82,PK,1658702461
357,Shache,38.4167,77.2406,82.71,18,83,13.71,CN,1658702249
358,Westport,41.1415,-73.3579,92.93,63,0,16.11,US,1658702293
359,Kyra,49.5776,111.9753,58.71,95,100,0.56,RU,1658702461
360,Tromsø,69.6496,18.957,50.02,76,0,11.5,NO,1658702097
361,Fasa,28.9383,53.6482,79.84,41,50,4.61,IR,1658702462
362,Valença,-13.3703,-39.0731,66.52,90,29,3.22,BR,1658702460
363,Moindou,-21.6924,165.677,74.3,66,4,3.18,NC,1658702463
364,Nikki,9.9401,3.2108,70.54,89,64,4.16,BJ,1658702463
365,Ixtapa,20.7,-105.2,83.43,84,100,5.75,MX,1658702242
366,Srednekolymsk,67.45,153.6833,69.62,34,69,10.38,RU,1658702276
367,Verāval,20.9,70.3667,80.65,84,95,17.72,IN,1658702464
368,Constitución,-35.3333,-72.4167,53.31,94,100,7.87,CL,1658702256
369,Bartoszyce,54.2535,20.8082,57.02,95,100,5.7,PL,1658702465
370,Huarmey,-10.0681,-78.1522,65.48,79,10,11.88,PE,1658702281
371,Province of Mantua,45.1667,10.7833,85.24,70,9,1.01,IT,1658702466
372,Port-Cartier,50.0334,-66.8654,73.62,85,97,5.86,CA,1658702382
373,Kosice,48.6667,21.3333,66.33,67,0,6.91,SK,1658702467
374,Kumul,42.8,93.45,85.46,24,76,12.86,CN,1658702261
375,Bud,39.447,-86.1758,86.32,87,68,13.22,US,1658702320
376,Raton,36.9034,-104.4391,81.21,36,0,17.27,US,1658702468
377,Camacha,33.0833,-16.3333,71.02,78,20,5.75,PT,1658702386
378,Waipawa,-41.4122,175.5153,48.34,80,100,14.79,NZ,1658702468
379,Sakakah,29.9697,40.2064,85.57,17,0,6.38,SA,1658702262
380,Atherton,53.5237,-2.4935,64.42,84,100,1.99,GB,1658702396
381,Blackwater,-23.5833,148.8833,62.91,71,0,6.55,AU,1658702176
382,Shimokizukuri,40.8061,140.3861,79.11,70,23,1.77,JP,1658702468
383,Portland,45.5234,-122.6762,94.51,46,0,11.5,US,1658702321
384,Sørland,67.667,12.6934,51.66,82,100,18.75,NO,1658702343
385,Matara,5.9485,80.5353,78.42,85,100,13.11,LK,1658702469
386,Fairview,40.8126,-73.999,99.63,40,0,17.27,US,1658702469
387,Bima,-8.4667,118.7167,69.78,84,87,4.12,ID,1658702470
388,Clyde River,70.4692,-68.5914,41.23,100,100,13.8,CA,1658702287
389,Antsohihy,-14.8796,47.9875,65.77,73,25,5.97,MG,1658702470
390,Oxelösund,58.6706,17.1015,61.18,77,0,5.75,SE,1658702470
391,Kang,-23.6752,22.7876,59.0,39,66,5.88,BW,1658702471
392,Waingapu,-9.6567,120.2641,70.99,73,91,9.22,ID,1658702335
393,Abalak,58.1286,68.5944,58.01,78,69,5.12,RU,1658702471
394,Port Keats,-14.25,129.55,67.26,22,11,5.37,AU,1658702471
395,Spokane,47.6166,-117.3677,93.22,22,20,3.44,US,1658702187
396,Hofn,64.2539,-15.2082,51.44,87,35,4.59,IS,1658702472
397,Northam,51.0333,-4.2167,64.38,95,100,19.26,GB,1658702472
398,Malanje,-9.5402,16.341,68.76,47,1,4.97,AO,1658702472
399,Andenes,69.3143,16.1194,49.98,81,18,20.71,NO,1658702322
400,Saint-Leu,-21.15,55.2833,67.03,76,28,2.71,RE,1658702204
401,Houma,29.5958,-90.7195,88.0,71,0,1.99,US,1658702178
402,Belmonte,-15.8631,-38.8828,70.36,79,18,6.98,BR,1658702473
403,Khvoynaya,58.9,34.5333,60.64,95,100,3.98,RU,1658702473
404,Amahai,-3.3333,128.9167,76.17,89,98,3.36,ID,1658702473
405,Paravūr Tekkumbhāgam,8.7833,76.7,78.82,91,100,7.27,IN,1658702474
406,Severodvinsk,64.5635,39.8302,55.51,91,72,1.05,RU,1658702337
407,Mombasa,-4.0547,39.6636,72.28,83,12,9.06,KE,1658702474
408,Naghvarevi,41.3527,44.7618,66.02,73,14,3.02,GE,1658702474
409,Mikuni,36.2171,136.1519,78.71,79,99,5.57,JP,1658702475
410,Fenoarivo,-18.933,47.4354,48.27,100,75,0.0,MG,1658702375
411,Port Blair,11.6667,92.75,80.76,82,81,2.75,IN,1658702475
412,Vyazemskiy,47.5378,134.7525,69.66,85,51,0.29,RU,1658702475
413,Kysyl-Syr,63.8986,122.7617,66.0,64,21,5.37,RU,1658702476
414,Barrow,71.2906,-156.7887,39.22,93,100,9.22,US,1658702226
415,Genhe,50.7833,121.5167,65.52,79,0,3.56,CN,1658702476
416,Apache Junction,33.4151,-111.5496,99.93,33,0,9.22,US,1658701963
417,Port Lincoln,-34.7333,135.8667,54.9,64,93,21.81,AU,1658702230
418,Ambon City,-3.6954,128.1814,75.24,16,20,5.75,ID,1658702409
419,Sisimiut,66.9395,-53.6735,47.25,78,48,9.46,GL,1658702334
420,Antalaha,-14.9003,50.2788,66.16,90,54,6.64,MG,1658702290
421,Marsh Harbour,26.5412,-77.0636,82.92,72,97,14.29,BS,1658702127
422,San Fernando del Valle de Catamarca,-28.4696,-65.7852,74.59,56,9,1.01,AR,1658702355
423,Shimoda,34.6667,138.95,81.07,73,100,3.91,JP,1658702351
424,Raseiniai,55.3736,23.1217,53.46,96,61,6.35,LT,1658702477
425,Santa Rosa,14.3122,121.1114,83.01,81,90,4.45,PH,1658701987
426,Bintulu,3.1667,113.0333,75.61,100,20,3.44,MY,1658702478
427,North Bend,43.4065,-124.2243,74.91,88,0,28.77,US,1658702331
428,São Sepé,-30.1606,-53.5653,67.91,91,92,2.59,BR,1658702478
429,Havøysund,70.9963,24.6622,50.23,85,61,3.31,NO,1658702478
430,Lakes Entrance,-37.8811,147.981,52.38,69,90,3.42,AU,1658702479
431,High Level,58.5169,-117.136,71.71,43,75,8.05,CA,1658702479
432,San Andrés,12.5847,-81.7006,86.02,70,75,11.5,CO,1658702479
433,Osoyoos,49.0331,-119.4524,95.41,18,99,5.75,CA,1658702479
434,Henties Bay,-22.116,14.2845,54.99,87,14,2.93,NA,1658702232
435,Sambava,-14.2667,50.1667,68.09,85,46,8.93,MG,1658702480
436,Iwanai,42.9744,140.5089,72.84,73,27,0.89,JP,1658702480
437,Isabela,6.7085,121.9711,75.25,86,100,4.29,PH,1658702480
438,Cancún,21.1743,-86.8466,87.73,70,40,8.05,MX,1658702481
439,Oistins,13.0667,-59.5333,82.49,78,40,12.66,BB,1658702383
440,Mahabalipuram,12.6264,80.1722,83.05,69,99,8.9,IN,1658702481
441,Bowen,-20.0167,148.2333,64.4,81,7,8.9,AU,1658702316
442,Raymondville,26.4815,-97.7831,98.6,39,0,20.94,US,1658702482
443,Avera,33.194,-82.5271,88.56,69,42,5.66,US,1658702237
444,Coyhaique,-45.5752,-72.0662,34.41,75,100,3.44,CL,1658701929
445,Mount Isa,-20.7333,139.5,51.57,76,0,0.0,AU,1658702288
446,Klyuchi,52.2667,79.1667,54.91,77,35,7.61,RU,1658702315
447,Le Vauclin,14.5452,-60.8388,82.45,78,75,10.36,MQ,1658702482
448,Sokolo,14.7328,-6.1219,80.19,64,100,6.96,ML,1658702483
449,Caraballeda,10.6112,-66.8522,86.07,79,40,8.05,VE,1658702483
450,Mwingi,-0.9344,38.0601,61.0,82,27,5.55,KE,1658702483
451,Longonjo,-12.9067,15.2533,63.14,37,43,1.14,AO,1658702483
452,Kasongo,-4.45,26.6667,76.15,52,82,1.74,CD,1658702484
453,Jonesboro,35.8423,-90.7043,96.8,41,0,15.01,US,1658702201
454,Tūkrah,32.5341,20.5791,77.76,85,0,6.67,LY,1658702335
455,Price,39.5994,-110.8107,78.06,41,40,3.44,US,1658702337
456,Gravdal,68.1214,13.5031,52.52,80,75,13.94,NO,1658702484
457,Cayhagan,9.6697,122.4256,79.9,78,88,3.22,PH,1658702485
458,Ginda,30.6945,78.4932,66.7,96,100,1.12,IN,1658702485
459,Vinh,18.6667,105.6667,76.33,87,2,2.37,VN,1658702485
460,Cidreira,-30.1811,-50.2056,63.01,89,99,4.88,BR,1658702315
461,Sinj,43.7036,16.6394,76.89,71,0,6.04,HR,1658702486
462,Bonfim,3.0833,-59.95,75.52,90,98,3.27,BR,1658702486
463,Lima,-12.0432,-77.0282,61.05,77,40,14.97,PE,1658702486
464,Faya,18.3851,42.4509,64.92,62,82,7.4,SA,1658702365
465,Emba,48.8264,58.1442,74.88,48,65,2.8,KZ,1658702263
466,Hamilton,39.1834,-84.5333,90.23,64,20,9.22,US,1658702120
467,Norman Wells,65.282,-126.8329,73.44,33,75,6.91,CA,1658702382
468,Zelenoborsk,61.4669,64.0333,55.31,87,87,3.15,RU,1658702487
469,Nerchinskiy Zavod,51.3088,119.61,64.08,89,36,3.31,RU,1658702487
470,Berkåk,62.825,10.0118,51.89,89,45,10.42,NO,1658702487
471,Progreso,21.2833,-89.6667,73.51,75,39,15.9,MX,1658702488
472,Cockburn Town,21.4612,-71.1419,80.56,78,40,11.5,TC,1658702229
473,Bosaso,11.2842,49.1816,89.37,42,87,24.38,SO,1658702238
474,San Joaquin,37.9333,-121.3011,96.55,27,0,8.05,US,1658702488
475,Ormara,25.2088,64.6357,80.06,91,100,11.7,PK,1658702488
476,Olinda,-8.0089,-34.8553,76.73,65,0,16.11,BR,1658702246
477,Carlyle,38.6103,-89.3726,96.71,79,79,1.01,US,1658702318
478,Khandyga,62.6667,135.6,71.2,61,2,2.08,RU,1658702307
479,Becerril,9.7041,-73.2793,83.37,67,82,6.08,CO,1658702489
480,Aksu,41.1231,80.2644,86.41,23,99,2.17,CN,1658702353
481,Tarakan,3.3,117.6333,79.18,82,42,8.63,ID,1658702489
482,Vrangel',42.7297,133.0839,65.3,94,91,6.93,RU,1658702490
483,Wajir,1.7471,40.0573,72.63,70,17,15.21,KE,1658702260
484,Nouakchott,18.0858,-15.9785,80.53,81,38,15.43,MR,1658702192
485,Maksatikha,57.797,35.8825,60.58,97,99,5.37,RU,1658702490
486,Mahuva,21.0914,71.7622,79.41,86,100,12.46,IN,1658702491
487,Buchanan,5.8808,-10.0467,74.97,79,100,7.43,LR,1658702395
488,Port Augusta,-32.5,137.7667,56.77,75,40,10.56,AU,1658702373
489,Ende,-8.8432,121.6623,72.36,78,38,3.15,ID,1658702491
490,Ulladulla,-35.35,150.4667,54.97,79,39,2.64,AU,1658702326
491,Hualmay,-11.0964,-77.6139,63.7,79,9,12.21,PE,1658702325
492,Quatre Cocos,-20.2078,57.7625,62.71,77,6,7.74,MU,1658702252
493,Gambēla,8.25,34.5833,69.73,90,95,3.83,ET,1658702492
494,La Rochelle,46.1667,-1.15,69.87,78,0,9.22,FR,1658702492
495,Caravelas,-17.7125,-39.2481,70.0,81,90,5.5,BR,1658702293
496,Dongsheng,39.8161,109.9776,68.63,63,61,10.87,CN,1658702492
497,Egvekinot,66.3167,-179.1667,42.44,62,96,4.99,RU,1658702115
498,Khani,41.9563,42.9566,54.97,93,75,4.09,GE,1658702493
499,Morgan City,29.6994,-91.2068,86.0,67,68,6.38,US,1658702493
500,Kabinda,-6.1333,24.4833,75.87,35,99,4.29,CD,1658702493
501,Richards Bay,-28.783,32.0377,60.71,56,1,16.44,ZA,1658702274
502,Palmares do Sul,-30.2578,-50.5097,64.24,86,100,5.46,BR,1658702327
503,Horizontina,-27.6258,-54.3078,66.49,82,71,4.27,BR,1658702279
504,Manaure,11.7751,-72.4445,82.67,67,27,19.62,CO,1658702494
505,Nyurba,63.2842,118.3319,71.19,70,9,9.01,RU,1658702494
506,Lake Charles,30.2131,-93.2044,93.2,61,75,14.97,US,1658702402
507,Fairbanks,64.8378,-147.7164,71.24,40,0,4.61,US,1658702258
508,Batemans Bay,-35.7167,150.1833,48.09,81,63,2.46,AU,1658702495
509,Sulangan,11.1373,123.7228,82.98,73,95,2.15,PH,1658702495
510,Indianola,41.3581,-93.5574,87.57,48,100,13.47,US,1658702299
511,Zabid,14.1951,43.3152,91.44,39,100,6.76,YE,1658702496
512,Manavālakurichi,8.1333,77.3,76.96,85,91,13.87,IN,1658702496
513,Orizona,-17.0314,-48.2958,68.22,42,0,4.74,BR,1658702496
514,Tarpon Springs,28.1461,-82.7568,91.42,63,0,9.22,US,1658702496
515,Cradock,-32.1642,25.6192,41.16,90,32,3.36,ZA,1658702497
516,Conkal,21.0667,-89.5333,73.45,88,75,5.75,MX,1658702497
517,Kishtwār,33.3167,75.7667,68.86,95,98,0.6,IN,1658702497
518,Tura,25.5198,90.2201,73.35,98,100,3.18,IN,1658702271
519,Carmo do Paranaíba,-19.0008,-46.3161,64.74,58,24,5.26,BR,1658702498
520,Deputatsky,69.3,139.9,61.7,55,56,4.29,RU,1658702282
521,Sedkyrkeshch,61.75,50.9167,61.07,100,100,6.71,RU,1658702498
522,Syamzha,60.0158,41.0614,62.55,98,100,1.88,RU,1658702498
523,Naze,28.3667,129.4833,81.52,79,5,1.95,JP,1658702397
524,Verkhnevilyuysk,63.4453,120.3167,68.56,67,29,8.37,RU,1658702499
525,Voskresenskoye,56.8381,45.4317,66.72,83,86,3.27,RU,1658702499
526,Benguela,-12.5763,13.4055,69.69,85,82,4.25,AO,1658702255
527,Vågåmo,61.8751,9.0967,55.89,98,97,6.15,NO,1658702499
528,Horsham,51.064,-0.3272,68.25,80,20,5.75,GB,1658702500
529,Jacqueville,5.2052,-4.4146,77.05,78,95,9.33,CI,1658702500
530,Bouca,6.5105,18.2733,70.92,96,100,1.63,CF,1658702500
531,Iqaluit,63.7506,-68.5145,47.93,87,75,6.91,CA,1658701990
532,Kita,13.0349,-9.4895,74.88,89,100,4.14,ML,1658702501
533,Najrān,17.4924,44.1277,70.45,68,100,11.32,SA,1658702501
534,Hay River,60.8156,-115.7999,64.38,68,75,12.66,CA,1658702288
535,Pajacuarán,20.1167,-102.5667,74.52,54,77,3.51,MX,1658702501
536,Moshny,49.5147,31.7476,65.62,78,100,7.4,UA,1658702502
537,Chimbote,-9.0853,-78.5783,63.88,83,12,9.53,PE,1658702399
538,Port Hedland,-20.3167,118.5667,60.85,51,0,9.22,AU,1658702391
539,Hambantota,6.1241,81.1185,79.59,78,100,17.85,LK,1658702260
540,Pitimbu,-7.4706,-34.8086,75.79,74,74,13.24,BR,1658702502
541,Bartica,6.4,-58.6167,79.12,98,89,2.53,GY,1658702503
542,Gornopravdinsk,60.05,69.9,59.09,65,91,5.28,RU,1658702503
543,Bobcaygeon,44.5462,-78.542,80.89,90,83,9.55,CA,1658702503
544,Sistranda,63.7256,8.834,57.16,91,100,7.18,NO,1658702504
545,Isla Mujeres,21.2311,-86.731,87.85,72,73,10.85,MX,1658702504
546,Arlit,18.7369,7.3853,98.24,21,31,7.92,NE,1658702356
547,Prattville,32.464,-86.4597,91.81,59,0,10.36,US,1658702281
548,Iberia,29.9502,-91.7507,88.09,61,65,8.32,US,1658702498
549,Chernyshevskiy,63.0128,112.4714,68.83,90,63,4.7,RU,1658702380
550,Vanimo,-2.6741,141.3028,81.73,78,26,5.06,PG,1658702257
551,Āsosa,10.0667,34.5333,58.32,87,98,4.65,ET,1658702505
552,Canavieiras,-15.675,-38.9472,68.63,81,14,4.81,BR,1658702505
553,Kombissiri,12.0656,-1.3375,80.58,79,65,7.07,BF,1658702505
554,Lincoln,40.8,-96.667,90.28,38,0,8.05,US,1658702365
555,Outjo,-20.1167,16.15,61.75,35,9,1.5,NA,1658702506
556,Santa Isabel,-23.3156,-46.2214,70.9,72,62,0.65,BR,1658702506
557,Okhotsk,59.3833,143.3,54.68,93,100,12.12,RU,1658702506
558,Santiago de Cao,-7.9589,-79.2392,60.93,88,100,9.22,PE,1658702507
559,Mildura,-34.2,142.15,54.07,84,100,6.35,AU,1658702239
560,Deyang,31.1302,104.382,73.65,90,7,3.56,CN,1658702507
561,Inírida,3.8653,-67.9239,72.99,94,100,1.57,CO,1658702280
562,Yar-Sale,66.8333,70.8333,48.34,88,65,11.32,RU,1658702291
563,Soyo,-6.1349,12.3689,69.94,92,33,5.84,AO,1658702507
564,Rock Springs,41.5875,-109.2029,74.05,56,0,23.02,US,1658702279
565,Moorhead,46.8739,-96.7676,73.36,58,75,14.97,US,1658702147
566,Harper,4.375,-7.7169,74.46,78,90,5.41,LR,1658702361
567,Qaqortoq,60.7167,-46.0333,47.91,74,92,3.09,GL,1658702365
568,Zhangaözen,43.3,52.8,73.65,58,90,10.54,KZ,1658702475
569,Khasan,42.4308,130.6434,68.36,97,98,4.41,RU,1658702508
570,Jérémie,18.65,-74.1167,82.54,70,99,2.48,HT,1658702508
571,Ceres,37.5949,-120.9577,105.8,20,0,8.05,US,1658702509
572,Nortelândia,-14.4547,-56.8028,81.28,30,0,4.59,BR,1658702509
